output-2-1	0.027	inf	0.105	0.000	6	pass	["Give the pale swirling interior stronger depth and a clearer focal feature; it currently reads more as marbled liquid than a constructed machine.","Enrich the brass rim with sharper bevels, darkened recesses and selective worn highlights so it carries more weight.","Differentiate glossy ceramic, metal fittings and rubber seals through distinct textures and edge treatments; the uniformly soft finish blurs their material character."]	dba80d00871666ff	false
output-2-2	0.125	inf	0.081	0.000	-	fail outside 0.125 > 0.05	[]	-	-
output-2-3	0.030	inf	0.112	0.000	6	pass	["Give the pale central field a stronger built form; the swirling blue veining currently reads as decorative marble more than a weighty machine.","Deepen the brass rim with sharper worn highlights, dark crevices and distinct fittings so its construction rewards a close look.","Differentiate glossy glaze, darkened metal and worn rubber through distinct edges and surface textures; the interior currently feels uniformly soft.","Give the swirling motif a more decisive focal point, with crisp accents amid the diffuse blue strokes."]	cafabf2a13a3caf4	false
output-2-4	0.055	inf	0.094	0.000	-	fail outside 0.055 > 0.05	[]	-	-
output-2-5	0.116	inf	0.217	0.000	-	fail outside 0.116 > 0.05	[]	-	-
output-2-6	0.128	inf	0.194	0.000	-	fail outside 0.128 > 0.05	[]	-	-
output-2-7	0.047	inf	0.210	0.000	7	pass	["Give the broad ivory center more ceramic character: pooled glaze, subtle crazing and rubbed high spots would reward a closer look.","Sharpen the teal fittings with distinct edges, recesses and attachment details; they currently read as feathered decoration.","Separate the brass rim and dark gasket through clearer metallic glints, tarnished recesses and matte wear so the border feels assembled and weighty."]	f1a657a3a75fb879	false
output-2-8	0.136	inf	0.206	0.000	-	fail outside 0.136 > 0.05	[]	-	-
output-2-9	0.094	inf	0.118	0.000	-	fail outside 0.094 > 0.05	[]	-	-
output-2-10	0.139	inf	0.089	0.000	-	fail outside 0.139 > 0.05	[]	-	-
output-2-11	0.108	inf	0.118	0.000	-	fail outside 0.108 > 0.05	[]	-	-
output-2-12	0.074	inf	0.113	0.000	-	fail outside 0.074 > 0.05	[]	-	-
