arm-1	0.000	0.766	0.038	0.000	6	pass	["Give the pivot clearer material structure: its dark shading merges into a muddy ring; distinct brass rims, ceramic highlights and a worn rubber collar would reward closer looking.","Model the red claw with richer glaze, edge wear and darker inner gripping surfaces so it feels substantial and tactile.","Develop the connecting shaft with purposeful joints, fasteners and sharper highlights; it currently reads as a plain brown bar."]	95aa359d17878a87	false
arm-2	0.000	0.768	0.093	0.000	7	pass	["Give the hub a clearer hierarchy of bright brass rims, dark recesses and worn raised fittings; its busy brown detail currently merges together.","Paint more convincing thickness into the red claw with glazed highlights, chipped edges and a distinct dark rubber gripping surface.","Strengthen the shaft’s construction with a crisp collar and more deliberate metal highlights so the connection feels as substantial as the hub."]	15c6d1fd086acf82	false
arm-3	0.000	0.780	0.065	0.000	6	pass	["Give the pivot a clearer glazed rim, dark brass collar and rubber inset; its mottled brown rings currently merge into one muddy material.","Paint sharper selective highlights and deeper contact shadows along the shaft to make the mechanism feel solid and assembled.","Give the red claw richer glaze reflections, worn edges and more deliberate tip shapes; its finish currently feels thin and indistinct.","Add a few crisp, characterful fasteners or fitted seams to reward close inspection without weakening the clear arm silhouette."]	073f4f85085da5dc	false
arm-4	0.000	0.768	0.077	0.000	6	pass	["Give the brass pivot clearer concentric rims, sharper glints and deeper recesses; its mottled shading currently blurs the construction.","Build richer material into the red claw with glazed highlights, worn edges and a distinct dark rubber gripping surface.","Strengthen the shaft with a clearer raised ridge and more deliberate fittings at each end so it feels engineered and weighty.","Separate the brown metal from the clay with selective dark contours and brighter worn edges, especially along the shaft."]	c2ddc0094ba34eda	false
arm-5	0.000	0.781	0.162	0.020	7	pass	["Give the brass hub a more distinctive face: sharper engraved fittings, a readable axle and selective bright wear would enrich its muddy center.","Separate the shaft's collars and metal surfaces with clearer edge highlights and deeper joint shadows so the linkage feels assembled and weighty.","Enrich the red claw with glossy glaze accents, small chips and a more tactile dark rubber lining; its broad surfaces currently feel comparatively plain."]	a90dd29ad35f7c3b	false
arm-6	0.000	0.803	0.152	0.000	7	pass	["Give the brass hub a more distinctive construction: a crisp inset rim, fasteners and localized tarnish would enrich its broad, softly mottled face.","Strengthen the shaft with clearer collars, sharper edge highlights and darker joint recesses so it feels like substantial working hardware.","Develop the red claw's material character with richer glaze pooling, selective chips and a clearly differentiated worn gripping surface.","Sharpen a few focal edges around the hub and claw tips; the uniformly soft transitions currently mute the painting's confidence."]	3d28d542f40af3d6	false
arm-7	0.000	0.816	0.179	0.000	7	pass	["Give the brass hub a clearer focal fitting and more distinct engraved or cast details; its mottled centre currently blurs together.","Build richer material into the red claw with lustrous glaze highlights, dark inner edging and deliberate chips at the gripping tips.","Paint more purposeful construction into the connecting shaft—collars, seams and worn bearing surfaces—to replace its repetitive bands.","Strengthen contact shadows beneath the hub and claw so the assembly feels heavier against the clay."]	5fecba487b504211	false
arm-8	0.000	0.873	0.186	0.000	7	pass	["Give the red claw richer material transitions: glossy ceramic highlights, chipped edges and a distinct worn rubber gripping surface.","Develop the connecting shaft with a clearer collar, worked brass edges and small fastening details; its broad middle feels comparatively plain.","Sharpen the pivot’s concentric construction with selective bright rim accents and deeper seams so its substantial, handmade mechanism reads more confidently."]	d2769b5b9c6101d6	false
arm-9	0.000	0.727	0.065	0.028	6	pass	["Give the brass hub clearer layered rims, distinct fasteners and sharper glints; its mottled brown shading currently blurs the mechanism together.","Paint more structure into the connecting shaft, with defined collars, worn edges and a stronger separation between its upper face and underside.","Enrich the red claw with lustrous glaze highlights, small chips and a more distinctly rubbery inner lining.","Strengthen the contact shadows beneath the hub and shaft so the whole arm feels heavier against the clay."]	08e9d021e3147901	false
arm-10	0.000	0.721	0.043	0.000	6	pass	["Give the pivot a clearer layered construction: a dark brass rim, a distinct axle cap and selective polished edges would turn the muddy concentric forms into weighty hardware.","Paint the connecting shaft with stronger planes and fitted collars; its brown middle currently merges into the tile seams.","Enrich the red claw with glazed highlights, chipped edges and a distinct dark rubber lining so it feels fabricated rather than broadly color-blocked.","Add a few crisp, characterful fasteners and localized wear marks; the soft tonal mottling offers limited detail to reward a close look."]	4d5141c2a43b1785	false
arm-11	0.000	0.731	0.063	0.020	7	pass	["Give the connecting shaft more articulated construction: a distinct collar, inset seam and selective brass highlights would make its broad brown span feel machined.","Develop the red claw's ceramic finish with richer glaze pooling, bright edge catches and small worn contact patches.","Separate the hub's nested rings with clearer dark recesses and selective highlights so its substantial construction reads more confidently.","Introduce a distinct matte rubber surface at the gripping contacts to enrich the material contrast."]	c1e8eba17ea8f30d	false
arm-12	0.000	0.719	0.082	0.020	6	pass	["Give the pivot clearer brass highlights, deeper recesses and distinct worn edges; its internal detail currently merges into brown shading.","Paint the connecting shaft with firmer planes and stronger joint definition so it feels substantial and mechanically built.","Enrich the red claw with pooled glaze, selective chips and a distinct dark rubber lining; its finish currently feels uniform."]	c51efe3f22610ade	false
