converter-cobalt-1	0.227	0.788	0.179	0.063	-	fail outside 0.227 > 0.05	[]	-	-
converter-cobalt-2	0.129	0.812	0.196	0.020	-	fail outside 0.129 > 0.05	[]	-	-
converter-cobalt-3	0.082	0.797	0.184	0.020	-	fail outside 0.082 > 0.05	[]	-	-
converter-cobalt-4	0.133	0.805	0.144	0.020	-	fail outside 0.133 > 0.05	[]	-	-
converter-cobalt-5	0.035	0.817	0.187	0.000	7	pass	["Give the central brass chamber a more decisive mechanism or worked surface; its broad muddy shading feels less authored than the surrounding ceramic.","Sharpen selected glaze chips, brass fasteners and rim highlights to give the rich surfaces more crisp, tangible detail.","Distinguish worn rubber from the dark brass with matte texture and compressed edges around the seat liners.","Vary the blue housing's repeated streaks with purposeful seams and fittings that reveal how the machine was assembled."]	28426652ec739c26	false
converter-cobalt-6	0.070	0.817	0.181	0.020	-	fail outside 0.070 > 0.05	[]	-	-
converter-cobalt-7	0.006	0.826	0.239	0.028	7	pass	["Give the broad brown center a more deliberate construction: a defined inset lip, worked surface and a few purposeful fittings would make it feel built.","Differentiate the seat materials more strongly: sharper brass glints, tarnished recesses and a distinct worn rubber lip would add tactile richness.","Vary the cobalt glaze with broader pooled shadows and selective chipped edges; the evenly mottled blue currently softens the housing’s sculpted form."]	0e892be3aadfd882	false
converter-cobalt-8	1.511	0.105	0.182	0.442	-	fail outside 1.511 > 0.05	[]	-	-
converter-cobalt-9	0.097	0.798	0.204	0.040	-	fail outside 0.097 > 0.05	[]	-	-
converter-cobalt-10	0.048	0.799	0.161	0.020	7	pass	["Give the central brass recess a more purposeful construction: a defined lip, worked seams and a distinct inner mechanism would strengthen its soft, saddle-like form.","Differentiate the seat materials more strongly with compressed rubber edges, dark creases and small polished brass contact points.","Enrich the broad cobalt surfaces with pooled glaze, selective chips and sharper highlights that follow the ceramic contours."]	6ef116412cf24f51	false
converter-cobalt-11	0.199	0.782	0.166	0.072	-	fail outside 0.199 > 0.05	[]	-	-
converter-cobalt-12	0.207	0.802	0.199	0.020	-	fail outside 0.207 > 0.05	[]	-	-
