member	brief	round	score	outcome	reason
01	1	1	8	kept	At 40 pixels, the broad ivory sweep and plum field read clearly as a distinct mineral ceramic floor, with quiet areas for machinery. The point-up hex reads flat and regular. The ivory band slightly dominates, and the surface feels more chalky than glazed; subtler ivory shading and a restrained glaze sheen could deepen material richness.
02	1	1	7	below 8	At 40 pixels, the ivory movement reads as a narrow, nearly uniform wavy divider rather than broad mineral flow. The plum field looks flat and opaque; the painting’s fine veining largely disappears, leaving little glazed ceramic depth. Broaden and vary the ivory into asymmetric mineral pools and add restrained tonal movement within the plum. The regular hex and quiet field remain clear and suitable for small machinery.
02	1	2	8	left the plum and ivory family by 0.235	Distinct plum-and-ivory mineral movement survives at 40 pixels, with quiet fields that support machinery and convincing richness in the painting. The ivory narrows almost to disappearance at the center, making its two broad pools read somewhat separately. Plum leans muddy mauve rather than violet, and the dark lower rim slightly suggests a raised slab. Strong regular point-up geometry overall.
02	1	3	8	kept	At 40 pixels, the plum field and winding ivory vein clearly distinguish this floor from warm clay while leaving quiet space for machinery. The regular point-up hex reads cleanly. Fine mineral richness largely merges into flat purple at native size; broader tonal pooling and a softer ivory edge would strengthen the glazed ceramic feel. The central vein reads slightly like a bright fissure.
03	1	1	8	kept	Distinct ivory-and-plum mineral movement reads clearly against the warm ground at 40 pixels, with quiet space for machinery. The center is somewhat blank, and the lower-right plum patch feels isolated from the stronger left-side flow. A subtle glaze highlight could strengthen the ceramic finish. Hex framing is clean and orthographic.
04	1	1	8	kept	At 40 pixels, the plum and ivory movement reads clearly and feels distinct from warm clay. The regular point-up hex and broad, quiet fields support machinery well. The ivory bands are slightly repetitive and dominate the plum; their similar widths suggest stripes more than mineral variation. Glazed depth is subtle at native size, and the dark brass grout could read more distinctly from the surrounding brown.
05	1	1	8	kept	Distinct plum-and-ivory mineral movement survives at 40 pixels, with rich glazed marbling and a clear point-up hex. The broad ivory curl dominates the center and lower-right edge, potentially competing with small machinery. A quieter central patch and slightly more visible dark-brass grout would improve separation.
06	1	1	8	kept	Distinct plum-and-ivory mineral movement survives at 40 pixels, with broad quiet areas for machinery and a clear point-up hex. The bright ivory junction at the right edge dominates slightly; soften it to balance attention. At native size, the surface reads more chalky than glazed ceramic; a restrained glaze sheen could strengthen the material.
07	1	1	8	rebriefed: its arrangement named a shape that reads as a letter or symbol	At 40 pixels, the ivory movement resolves into a nearly closed, thick ring, making the pattern feel more emblematic than mineral. The ivory looks chalky rather than glazed. Strong plum distinction and a quiet central field support machinery; another round could vary the band's width and introduce a restrained glaze sheen.
07	2	1	8	kept	At 40 pixels, the ivory field and broad plum vein clearly distinguish the floor from warm clay while leaving machinery readable. The point-up hex reads flat and regular. The center loses much of the painting’s mineral richness, and the plum movement crowds the right edge. A little more broad lavender variation across the ivory and a restrained glazed highlight would strengthen the ceramic feel.
08	1	1	8	kept	At 40 pixels, broad ivory and plum movement reads clearly as a distinct, quiet mineral floor that supports small machinery. The point-up hex reads flat and regular. Ivory loses much of its material richness at native size, and the surface suggests polished stone more than glazed ceramic. Surrounding grout reads earthy brown rather than dark brass. Strong enough to end painting early.
09	1	1	7	below 8	Distinct plum and ivory reads clearly against warm clay, and the hex geometry holds. At 40 pixels, three thick ivory branches converge into a tree-like emblem that competes with small machinery. Plum areas read fairly flat, while the painting’s fine mineral richness mostly disappears. Another round could vary and soften the ivory bands, loosen their shared convergence, and add broad, quiet glaze variation within the plum.
09	1	2	8	kept	Distinct plum and ivory mineral movement reads clearly at 40 pixels, with quiet areas that support machinery. The broad left ivory vein dominates, while the thin central vein becomes a rigid vertical stripe. The native surface reads more matte stone than glazed ceramic, and the dark brass grout blends into the brown surround. Another round could strengthen the glaze and edge definition while preserving the broad, calm pattern.
10	1	1	8	rebriefed: its arrangement named a shape that reads as a letter or symbol	At 40 pixels, the broad ivory sweep and plum fields remain distinct and quiet enough for small machinery. The regular point-up hex reads clearly, with mineral richness in the painting. The ivory slightly dominates, while the plum looks muted and the glazed ceramic finish becomes faint at native size. A little more plum saturation and restrained glaze variation could strengthen the material.
10	2	1	8	kept	Distinct plum–ivory mineral movement reads clearly at 40 pixels, with quiet space for machinery and clean point-up hex geometry. The ivory half looks somewhat flat and chalky; a subtle glazed tonal variation could strengthen ceramic depth. Fine mineral veins largely disappear at native size, leaving the central transition slightly cloudy.
11	1	1	8	kept	At 40 pixels, broad plum-and-ivory movement reads clearly as a distinct mineral floor, with a quiet center for machinery and clean point-up hex geometry. The surface feels slightly chalky rather than glazed; deeper plum midtones would add richness. The surrounding grout reads as brown earth rather than dark brass.
12	1	1	8	kept	At 40 pixels, the broad plum-and-ivory movement reads clearly as a distinct mineral floor. The quiet plum area supports machinery, and the point-up hex reads flat and regular. Ivory dominates the lower half, where smaller plum pockets become muddy; the surface reads slightly more chalky than glazed. Grout leans brown rather than dark brass.
13	1	1	8	kept	Distinct plum-and-ivory mineral movement reads clearly at 40 pixels, with quiet space for machinery and clean point-up hex geometry. The plum band softens into a hazy stripe at native size, losing much of the painting’s mineral layering; the broad ivory areas read more matte than glazed ceramic. A few restrained tonal facets could strengthen material depth.
14	1	1	8	rebriefed: its arrangement named a shape that reads as a letter or symbol	At 40 pixels, the plum field and ivory sweep read clearly as a distinct, quiet floor with room for machinery. The point-up hex stays legible. The ivory forms a fairly literal crescent rather than irregular mineral movement, and most glazed marbling disappears at native size. Broader, subtle tonal veins through the plum would strengthen material richness.
14	2	1	8	kept	Distinct plum-and-ivory mineral movement reads clearly at 40 pixels, with a quiet lower field and clean point-up hex geometry. The ivory dominates the upper half and forms a bright central tongue that may compete with small machinery. At native size, the fine veining merges into soft cloudiness, weakening the glazed ceramic impression.
15	1	1	8	kept	Strong plum-and-ivory mineral movement distinguishes the floor from warm clay at 40 pixels. The regular point-up hex reads clearly, with rich, quiet surface variation. The ivory junction dominates the center and could compete with small machinery; the plum looks slightly dusty, making the ceramic glaze less apparent.
16	1	1	7	below 8	At 40 pixels, the ivory forms a dominant figure-eight glyph rather than broad mineral movement. Its bright, nearly continuous ribbon competes with small machinery, while the plum field reads fairly flat. Break the symmetry and closed loops into irregular mineral swaths, retaining the painting’s rich glazed texture. The point-up hex reads cleanly and feels distinct from warm clay.
16	1	2	8	kept	At 40 pixels, broad plum and ivory movement clearly distinguishes the floor from warm clay while leaving quiet areas for machinery. The regular point-up hex reads cleanly. Remaining weaknesses: ivory transitions become slightly muddy at native size, and the surface reads more as polished stone than glazed ceramic; the dark brass grout is not clearly distinguished from the brown surround.
17	1	1	7	below 8	The plum and ivory clearly distinguish the portal from clay, and the point-up hex reads cleanly. At 40 pixels, the repeated ivory arcs dominate, making the surface resemble striped fabric more than glazed mineral ceramic. Add subtle pooled glaze depth and less evenly repeated mineral movement, preserving broad quiet plum areas for machinery.
17	1	2	8	kept	At 40 pixels, broad plum and ivory mineral bands remain distinctive, with a quiet plum field that supports machinery. The regular point-up hex reads flat and clearly framed. The upper-right ivory patch dominates slightly, and the surface reads more as polished marble than glazed ceramic; soften that patch and strengthen a subtle glaze sheen if revisited.
18	1	1	8	kept	At 40 pixels, the broad plum-and-ivory mineral flow reads distinctly from warm clay, with a quiet field suitable for machinery. The regular point-up hex stays flat and free of scene elements. The ivory region reads slightly chalky rather than glazed, and the pale diagonal vein becomes a conspicuous stripe. A subtler vein and more translucent ivory variation could strengthen the ceramic finish.
19	1	1	8	kept	At 40 pixels, the ivory movement reads as a bright upper-left rim highlight more than mineral veining, and the lower plum field loses much of its glazed richness. Still, the distinct plum-and-ivory palette, quiet machinery-supporting center, and clean point-up hex make a strong portal floor.
20	1	1	8	kept	Plum and ivory remain distinctive and legible at 40 pixels, with quiet mineral richness and clean hex geometry. The broad, nearly parallel bands feel slightly striped; more irregular branching would strengthen the mineral movement. The surface reads more as matte stone than glazed ceramic; a restrained glaze sheen could improve material identity.
21	1	1	8	kept	Distinct plum-and-ivory mineral movement survives at 40 pixels, with quiet areas for machinery and a clean point-up hex. The ivory upper half slightly dominates, and the native surface reads more like matte marble than glazed ceramic. A restrained glaze highlight could strengthen the material without adding clutter.
22	1	1	7	below 8	At 40 pixels, the plum becomes one faint diagonal seam across a mostly uniform ivory field; broader plum mineral pools would give the portal stronger presence and distinction. The glaze and fine branching visible in the painting largely disappear at native size, leaving a chalky rather than richly glazed surface. The quiet field supports machinery well, and the point-up hex reads cleanly without perspective or shadow.
22	1	2	8	kept	At 40 pixels, the broad ivory and plum mineral movement reads clearly as a distinct, quiet floor. The regular point-up hex stays legible and supports machinery. Plum pools look slightly muddy and diffuse, while the large ivory areas lose much of their glazed ceramic richness. A few restrained mineral highlights within the plum would strengthen material definition at native size.
23	1	1	8	rebriefed: its arrangement named a shape that reads as a letter or symbol	At 40 pixels, the ivory movement reads as a thick V-shaped stripe rather than an irregular mineral vein. Its bright lower junction draws attention away from small machinery. Plum areas could carry stronger glazed depth. The quiet field, distinct palette, and clean point-up hex are successful.
23	2	1	7	below 8	At 40 pixels, the ivory movement collapses into one heavy lower-right patch, while the broad plum region loses most mineral variation. The ivory edge becomes a conspicuous staircase that could compete with small machinery. Introduce a few broad, softer mineral transitions through the plum and soften the ivory core slightly. The regular hex and distinct portal palette read well.
23	2	2	7	below 8	Distinct plum-and-ivory field with a clean point-up hex and quiet space for machinery. At 40 pixels, the ivory compresses into a heavy lower-right stripe, while finer mineral movement disappears into soft purple haze. The surface reads more matte stone than glazed ceramic. Broaden a few mineral transitions and add restrained glaze highlights for stronger material presence.
23	2	3	8	kept	At 40 pixels, broad plum and ivory movement reads distinctly from warm clay and leaves a quiet field for machinery. The regular point-up hex holds clearly. The ivory region loses much of its mineral layering at native size, becoming a nearly solid cream patch; the dark brass grout is thin and difficult to distinguish from the surrounding earth. Strong enough to stop painting.
