source-1	0.073	0.806	0.125	0.000	-	fail outside 0.073 > 0.05	[]	-	-
source-2	0.501	0.825	0.161	0.000	-	fail outside 0.501 > 0.05	[]	-	-
source-3	0.319	0.812	0.149	0.000	-	fail outside 0.319 > 0.05	[]	-	-
source-4	0.664	0.817	0.133	0.000	-	fail outside 0.664 > 0.05	[]	-	-
source-5	0.094	0.787	0.163	0.000	-	fail outside 0.094 > 0.05	[]	-	-
source-6	0.250	0.784	0.148	0.000	-	fail outside 0.250 > 0.05	[]	-	-
source-7	0.064	0.804	0.103	0.000	-	fail outside 0.064 > 0.05	[]	-	-
source-8	0.035	0.824	0.151	0.000	7	pass	["Give the broad teal casing more painted variation: pooled glaze, fine crazing and worn edges would make its ceramic surface feel tangible.","Resolve the brass ring and crescent into sharper crafted fittings, with distinct bevels, tarnished recesses and small fastening details.","Differentiate the dark rubber openings from surrounding shadows with thicker lips, compressed edges and restrained scuffing.","Strengthen a few focal highlights and deep contact shadows; the uniformly soft transitions currently blur the machine's construction."]	e732f8595a4ee19c	false
source-9	0.037	0.796	0.129	0.000	6	pass	["Give the broad teal lobes more constructed character: shaped rims, fitted collars and purposeful seams would make the housing feel crafted rather than inflated.","Separate the materials more vividly with glassy glaze highlights, dark brass recesses and matte, worn rubber edges.","Sharpen selected details around the opening and sweeping upper seam; the uniformly soft, mottled finish leaves little crisp craftsmanship to discover up close."]	1633d610a62286f1	false
source-10	0.029	0.784	0.100	0.000	6	pass	["Give the broad teal housing more crafted detail: inset seams, fasteners and purposeful fittings would make its large blank surfaces reward inspection.","Separate the materials more decisively: the seat rim needs dark brass depth and rubbed highlights, while rubber needs a matte, worn finish.","Sharpen selected bevels and contact shadows; the soft, cloudy shading makes the housing feel inflated rather than heavy ceramic.","Develop the curved groove into a convincing engineered feature with a clear recess, finished edges and a purposeful connection to the seat."]	30d559562184b139	false
source-11	0.046	0.783	0.125	0.000	6	pass	["Give the broad teal surfaces more crafted detail: inset panels, fastening points and deliberate glaze variation would reward a closer look.","Distinguish the materials more clearly: sharpen warm brass edges and give the dark rubber collar a matte, compressed character.","Resolve the sweeping upper seam and seat rim with more decisive highlights and contact shadows; their soft transitions currently blur the construction."]	931d7d12ff7221c1	false
source-12	0.025	0.771	0.108	0.000	6	pass	["Give the central housing a clearer constructed form; its swelling teal contours currently merge into a soft mound.","Differentiate the seat’s darkened brass collar and rubber gasket with crisp edges, metallic glints and a matte inner lip.","Replace some uniform speckling with deliberate glaze pooling, fine crazing and chips that reveal the ceramic beneath.","Add a few distinctive fittings or crafted joints so the broad lobes carry character and reward closer inspection."]	1e1c476bc43291d2	false
