bonder-1	0.000	0.974	0.176	0.000	6	pass	["Give the central brass mechanism clearer interlocking shapes and sharper glints; it currently reads as a mottled brown lump.","Differentiate the materials with glassy highlights on the red glaze, burnished edges on the brass, and matte abrasion on the seat rims.","Strengthen a few crisp seams, chips, and fastening details to give the broad red housing more handmade character.","Deepen the contact shadows beneath the housing and inside the openings to make the machine feel heavier and more substantial."]	72c0ae64055b29f0	false
bonder-2	0.000	0.977	0.181	0.000	7	pass	["Give the central brass fitting clearer machined edges, dark recesses and selective bright wear; its brown shading currently blurs the mechanism.","Enrich the broad red ceramic faces with pooled glaze, subtle firing variation and a few sharply painted chips.","Give the teal seat rims more tangible rubber character through compressed edges, worn lips and deeper interior shadows."]	7b15e9b8c0d47eb1	false
bonder-3	0.000	0.954	0.161	0.000	7	pass	["Give the central brass fitting sharper facets, dark crevices and worn highlights so its mechanism feels crafted rather than muddy.","Enrich the red ceramic with pooled glaze, small chips and selective glossy highlights; the broad surfaces currently feel uniformly rubbed.","Give the teal seat rims more substance through rounded edges, compressed shadows and localized rubber wear.","Vary the repeated perimeter bands with purposeful joints or fittings to give the solid housing more individual character."]	06ebf088808d1089	false
bonder-4	0.031	0.963	0.161	0.000	7	pass	["Give the central brass mechanism clearer overlapping parts, sharper glints and deeper recesses; its brown tones currently merge into a muddy patch.","Enrich the red ceramic with selective glassy highlights and small chips that reveal the body beneath the glaze.","Differentiate the teal seat rims with worn rubber edges and compressed shadows so they feel more tactile.","Vary the repeated edge highlights and wear marks to give the housing more handmade character."]	63aa1684a6cd47ed	false
bonder-5	0.037	0.872	0.096	0.000	7	pass	["Give the central brass mechanism clearer overlapping parts and sharper glints; its brown forms currently merge into a murky recess.","Enrich the red ceramic with pooled glaze, small chips exposing clay, and selective bright highlights to make its surface feel fired and handled.","Distinguish the seat rims’ worn rubber from their metal fittings through matte scuffs against crisp metallic edges.","Vary the fasteners and wear with a few deliberate, distinctive touches so the symmetrical housing feels individually crafted."]	a4f3928562c7ab77	false
bonder-6	0.000	0.922	0.107	0.000	7	pass	["Give the central brass mechanism clearer overlapping plates, sharper edges and deeper recesses; its brown tones currently merge into a muddy block.","Enrich the red ceramic with distinct glaze highlights and selective chips that reveal the fired body beneath.","Give the teal socket rims more tactile rubber character through compressed edges, worn lips and subtle surface variation."]	12d842bd37faee7b	false
bonder-7	0.145	0.915	0.095	0.000	-	fail outside 0.145 > 0.05	[]	-	-
bonder-8	0.058	0.934	0.111	0.000	-	fail outside 0.058 > 0.05	[]	-	-
bonder-9	0.047	0.967	0.182	0.000	7	pass	["Give the central brass mechanism clearer collars, seams and glinting worn edges; its rounded shading currently blurs the construction.","Enrich the broad red ceramic faces with pooled glaze, fine crazing and localized chips that reveal the clay beneath.","Deepen the seat interiors and give their rubber rims compressed edges and uneven wear so they feel fitted into the heavy housing."]	554fa1b3518eb7f6	false
bonder-10	0.055	0.975	0.162	0.000	-	fail outside 0.055 > 0.05	[]	-	-
bonder-11	0.041	0.968	0.182	0.000	7	pass	["Give the central brass fitting clearer teeth, grooves and glints; its dark oval currently reads more as a recess than a worked mechanism.","Build richer variation into the red ceramic with pooled glaze, bright chipped edges and patches of exposed clay.","Separate the teal seat rims into tangible materials with a raised glazed lip and a darker, worn rubber lining.","Vary the repeated perimeter studs and edge wear with a few distinctive, deliberately painted fittings."]	b83e5f4fa4e30aaa	false
bonder-12	0.007	0.919	0.182	0.020	7	pass	["Give the central brass mechanism sharper rim highlights, darker recesses and distinct worn edges so its construction feels tangible.","Enrich the red ceramic with pooled glaze, fine crazing and selective chips around the raised edges; the broad faces currently feel uniformly mottled.","Give the teal seat rims more rubber character through compressed lips, rubbed edges and deeper contact shadows."]	8fce6ee17b68bf3b	false
