resonator-1	0.024	0.969	0.241	0.000	6	pass	["Give the central bridge a more deliberate construction: a substantial brass coupling with fitted collars would make the paired chambers feel like one weighty machine.","Strengthen the purple glaze with pooled darks, selective bright reflections and small chips exposing the ceramic beneath.","Differentiate the concentric materials: the brass needs sharper metallic glints, while the rubber needs deeper, matte shadows and worn edges.","Vary the pale ring detailing with purposeful joints, fasteners and localized wear so it feels crafted rather than uniformly patterned."]	760400e400ede12b	false
resonator-2	0.037	0.950	0.209	0.000	6	pass	["Give the purple ceramic broader glaze highlights and deeper pooled shadows so the housing feels thick, fired and weighty.","Separate the brass and rubber more decisively: sharper tarnished metal glints against matte, compressed dark rims.","Develop the central coupling with distinct collars, fasteners and recessed joints; its soft gold shape currently offers little mechanical character.","Add selective chips, rubbed edges and asymmetric repairs to give the repeated ring assemblies more handmade personality."]	849e3a34d4bb0d32	false
resonator-3	0.034	0.943	0.219	0.000	6	pass	["Give the central bridge a more substantial construction: a shaped brass saddle, fasteners and deeper contact shadows would make the housing feel assembled and weighty.","Differentiate the materials more boldly: sharper pooled highlights on the purple glaze, tarnished edges on the brass and a soft, worn surface on the rubber rings.","Break up the repeated concentric bands with purposeful fittings, small repairs and localized wear that give the machine a maker's character.","Deepen the seat rims with visible inner walls and stronger occlusion so the openings feel recessed into a solid ceramic body."]	5c5ea512cb0f42a0	false
resonator-4	0.024	0.921	0.221	0.000	7	pass	["Give the central brass coupling sharper collars, fasteners and dark seams so its construction feels substantial.","Differentiate the materials more decisively: crisp glints on glazed purple ceramic, restrained highlights on tarnished brass, and matte compression around rubber rims.","Break up the matching ring decoration with purposeful wear and small crafted fittings to give the machine more individual character."]	268a58aec5e55df4	false
resonator-5	0.017	0.906	0.182	0.020	7	pass	["Give the central brass coupling clearer collars, seams and highlights; its brown shadows currently merge into a muddy junction.","Make the purple glaze more tangible with selective sharp reflections and deeper pooled color around the rims.","Differentiate the rubber seat surrounds from the metal with matte surfaces, compressed edges and localized wear.","Add a few distinctive crafted details—fasteners, glaze chips or tooling marks—to give the repeated housings more individual character."]	a3765bfd1872b278	false
resonator-6	0.044	0.878	0.113	0.000	7	pass	["Give the central brass coupling clearer overlapping plates, sharper edge glints and deeper recesses so its construction feels substantial.","Vary the ceramic highlights into broad glazed reflections and small chipped edges; the repeated pale bands currently flatten the purple casing.","Strengthen the rubber rims with denser dark surfaces, compressed seams and selective abrasion to distinguish them from the surrounding brass and glaze."]	39bcc0bfd73e6844	false
resonator-7	0.000	0.908	0.157	0.000	7	pass	["Give the central brass coupling sharper seams, fasteners and dark recesses so its construction feels deliberate.","Paint more distinctive glaze highlights and chipped edges into the purple casing; its broad bands currently feel soft and uniform.","Deepen the seat interiors with contact shadows and worn inner lips to make the housing feel thick and weighty.","Differentiate the rubber collars from the brass with matte scuffing and tighter metallic glints."]	01d9cc25012e43e1	false
resonator-8	0.069	0.863	0.203	0.020	-	fail outside 0.069 > 0.05	[]	-	-
resonator-9	0.085	0.862	0.199	0.020	-	fail outside 0.085 > 0.05	[]	-	-
resonator-10	0.046	0.876	0.195	0.000	6	pass	["Give the central brass join more constructed character: overlapping plates, recessed fasteners and dark seams would make the paired chambers feel like one substantial machine.","Differentiate the materials more strongly with sharp glaze glints, tarnished brass edges and matte, compressed rubber collars.","Develop the broad purple casing with selective chips, pooled glaze and small fittings; its repeated shading currently feels more generic than handmade.","Deepen the seat interiors with visible inner walls and contact shadows so the openings feel sunk into a thick housing."]	49db05635ed90576	false
resonator-11	0.152	0.872	0.192	0.000	-	fail outside 0.152 > 0.05	[]	-	-
resonator-12	0.125	0.803	0.212	0.020	-	fail outside 0.125 > 0.05	[]	-	-
