portal-1	0.000	inf	0.185	0.000	6	pass	["Give the broad purple housing clearer glazed highlights and deeper edge shadows so it feels like thick, weighty ceramic.","Strengthen the square brass lip with warm glints, dark tarnished recesses and selective rubbed edges; its current pale finish feels chalky.","Give the central swirl a more deliberate construction, with distinct overlapping surfaces and deeper cavities; its mottled values obscure the mechanism.","Separate the outer rubber gasket from the housing with a dark compressed seam and a few worn, matte edges."]	d8f790392300628c	false
portal-2	0.000	inf	0.204	0.000	5	pass	["Give the purple housing firmer volume with a substantial outer lip, deep seams and grounded underside shadows; it currently reads as a flat decorative tile.","Separate the materials: sharpen warm brass edge glints, pool darker glaze in ceramic recesses, and give rubber fittings a dull, dense finish.","Make the pale central sweep feel deliberately built or painted; its blurred edges and uneven thickness leave its function and character uncertain.","Replace scattered purple mottling with purposeful detail: fitted joints, recessed fasteners, glaze crazing and wear concentrated around contact edges."]	e60d1b4c7bc7e05c	false
portal-3	0.000	inf	0.208	0.000	6	pass	["Give the central swirl a clearer focal shape; the pale streaks and dark purple patches currently merge into an ambiguous interior.","Differentiate the materials: deepen the brass patina, give the ceramic sharper glaze glints, and make the rubber visibly matte.","Strengthen the housing’s thickness with deeper recess shadows and more decisive bevel highlights.","Add purposeful small fittings and localized wear so the mottling feels like the history of a built machine."]	871cf997161891c5	false
portal-4	0.001	inf	0.191	0.000	5	pass	["Give the central opening a clearer mechanism or deeper cavity; the pale zigzags currently read as mottling rather than purposeful construction.","Separate the materials with richer surface cues: glossy purple glaze, tarnished brass edges, and matte rubber shadows.","Strengthen the housing's thickness with firmer bevel highlights and deeper contact shadows around the inset.","Add distinctive crafted details such as inset fasteners, glaze pooling, and worn fittings to give the broad purple casing more character."]	bdae413b5b48877a	false
portal-5	0.000	inf	0.188	0.000	7	pass	["Give the violet housing richer glaze: sharper pooled highlights, darker chipped edges, and small variations across its broad surfaces.","Paint the brass rim with more distinct tarnish, bright worn corners, and tiny fastening details so it feels fabricated.","Deepen the shadows behind the cream spiral and sharpen selected edges to give the portal a more convincing recessed interior."]	7bd7725c9d0856e9	false
portal-6	0.000	inf	0.189	0.000	7	pass	["Give the broad purple housing richer ceramic character with pooled glaze, fine crazing and a few sharply painted chips; its surfaces currently feel uniformly soft.","Develop the inner brass rim with brighter rubbed edges, tarnished recesses and small fastening details so it feels constructed.","Clarify the pale spiral with more deliberate edges and depth; its blurred transitions make the central mechanism feel painted onto the opening.","Distinguish the dark gasket from surrounding shadows with a raised rubber lip and localized wear."]	640dd922e933a354	false
portal-7	0.000	inf	0.211	0.000	7	pass	["Give the broad purple housing richer ceramic character: pooled glaze, sharper rim glints and small worn edges would make its mass more tangible.","Differentiate the square brass bezel from the clay with deeper tarnished recesses and brighter rubbed corners.","Clarify the pale spiral’s construction with firmer edges and stronger overlap shadows; its soft transitions currently blur the central mechanism.","Add a few purposeful joints or inset fittings so the housing feels assembled and individually crafted."]	54284320bc8ab5af	false
portal-8	0.000	inf	0.213	0.000	6	pass	["Give the purple housing more material variety: sharper glaze highlights, worn edges and darker recesses would make its broad surfaces feel tangible.","Clarify the cream spiral’s construction with deliberate edges and contact shadows; it currently reads as a soft painted emblem rather than a crafted mechanism.","Enrich the brass aperture rim with distinct bevels, tarnish and small fittings instead of the largely uniform brown border.","Strengthen the lower housing’s thickness and grounded shadow so the machine feels heavier on the clay."]	5540ff48bc2b46b5	false
portal-9	0.000	inf	0.221	0.000	6	pass	["Give the central swirl a clearer, more purposeful contour and deeper surrounding shadows; it currently feels cloudy inside the frame.","Separate the materials with glassy highlights on purple glaze, tarnished edges on brass, and matte, compressed rubber seams.","Build more thickness into the housing with stronger rim highlights and dark recesses beneath the fittings.","Add distinctive crafted details—fasteners, glaze crazing, and localized abrasion—to make the broad purple surfaces feel worked and characterful."]	ddb2e8fc9aadf1fa	false
portal-10	0.000	inf	0.207	0.000	5	pass	["Give the broad violet housing richer ceramic modeling: pooled glaze, worn raised edges and sharper highlights would add weight and tactile depth.","Clarify the pale interior swirl with deliberate contours and contrasting depths; it currently reads as cloudy mottling rather than a confidently made mechanism.","Enrich the square brass rim with dark recesses, burnished edges and distinct joins so it feels substantial rather than a flat border.","Make the small perimeter fittings more expressive and legible, with inset shadows and differentiated metal surfaces."]	2a8438ffcbbd507a	false
portal-11	0.000	inf	0.195	0.000	5	pass	["Give the purple housing a stronger ceramic finish: crisp glaze glints, chipped lips and deeper edge shadows would make its thickness tangible.","Clarify the central opening with a substantial inner wall and a more deliberate swirling surface; the pale streaks currently read as cloudy patches.","Develop the brass fittings beyond small brown marks with shaped rims, dark recesses and worn bright edges.","Separate the rubber seals from the surrounding purple with a distinct matte surface and compressed, rounded edges."]	9258016def81cc87	false
portal-12	0.000	inf	0.219	0.000	6	pass	["Give the central violet swirl a clearer focal curl and deeper recess shadows; the pale streaks currently flatten into mottling.","Differentiate the materials with glassy ceramic highlights, tarnished brass edges and a matte rubber rim.","Strengthen the fittings with crisp raised edges, contact shadows and localized wear so they feel built into the housing."]	752d37db684d397b	false
