arm-3-1	0.000	0.553	0.104	0.000	7	pass	["Give the turquoise glaze more deliberate chips, pooled color and crisp highlights; its even mottling currently softens the material.","Strengthen the brass pivot with sharper rim wear and deeper recessed shadows so it feels machined and weighty.","Paint more distinctive jaw surfaces and attachment hardware; the gripper and central collar feel less resolved than the glazed shaft."]	0d121193d5c32561	false
arm-3-2	0.000	0.398	0.103	0.000	7	pass	["Give the brown pivot a more sculpted brass rim and purposeful wear; its mottled face currently feels muddy and lacks a convincing mechanical focal point.","Develop the turquoise glaze with deeper pooled color, sharper chips and selective highlights so its texture reads as ceramic rather than uniform speckling.","Resolve the claw’s dark rubber and rust-red lining with clearer edge thickness, compressed seams and worn gripping tips to make the working end feel more tangible."]	6fcd5afa12e70658	false
arm-3-3	0.000	0.570	0.100	0.000	7	pass	["Give the turquoise beam richer glaze pooling, small chips and sharper reflected accents; its mottling currently feels fairly uniform.","Paint more deliberate construction into the brass collars and pivot: inset seams, distinct fasteners and polished edges would add character.","Separate the claw's worn rubber from its metal backing with clearer edge highlights and localized abrasion; the dark rim currently merges into a soft band."]	16dd458b7def01a2	false
arm-3-4	0.000	0.629	0.096	0.000	6	pass	["Give the brass pivot a firmer rim, deeper recesses and selective bright wear; its mottled shading currently reads as a soft lump.","Enrich the teal beam with pooled glaze, sharper edge highlights and distinct chips so its repeated texture feels like worked ceramic.","Clarify the claw's dark rubber exterior and reddish inner lining with more decisive thickness, contact shadows and worn gripping edges.","Make the central collar and end connections feel assembled through crisp overlapping lips and small, characterful fittings."]	03f0f8c9201a6b21	false
arm-3-5	0.000	0.209	0.134	0.020	7	pass	["Give the turquoise glaze more depth with crisp chips, pooled dark edges and selective bright reflections; its mottling currently feels soft and uniform.","Sharpen the brass pivot’s layered rim and fasteners so it reads as a weighty working joint rather than a blurred brown disk.","Develop the claw’s rubber and metal surfaces with distinct edge wear and compression marks; the tips currently lose definition.","Make the central coupling more mechanically expressive with a clear collar, seam and small fitted details."]	be14a01a35c87207	false
arm-3-6	0.298	0.027	0.120	0.369	-	fail outside 0.298 > 0.05	[]	-	-
arm-3-7	0.000	0.126	0.103	0.000	7	pass	["Give the turquoise glaze more deliberate highlights, pooled shadows and small chips; its mottling currently blurs the surface rather than revealing it.","Strengthen the brass collars with crisp overlapping rims, recessed seams and selective bright wear so the beam feels solidly assembled.","Give the rubber claw clearer thickness and tactile wear; its dark inner curve currently reads as a soft, nearly featureless band."]	098e8f8e714f9e2b	false
arm-3-8	0.141	0.196	0.129	0.240	-	fail outside 0.141 > 0.05	[]	-	-
arm-3-9	0.000	0.371	0.097	0.045	6	pass	["Give the long turquoise beam more sculpted weight: stronger glazed edge highlights and a deeper underside would lift its flat, strip-like face.","Make the brass collars and central joint feel deliberately assembled with distinct rims, fasteners and sharper contact shadows.","Develop the brown pivot into a tactile focal point; its cloudy face needs clearer material structure and selectively polished edges.","Give the claw richer worn-rubber character through shaped highlights, compressed edges and purposeful abrasion; its dark face currently feels uniform."]	df6c4b468300f042	false
arm-3-10	0.000	0.552	0.123	0.020	6	pass	["Give the long teal shaft more sculpted weight: stronger glazed highlights, darker edge planes and clearer brass edging would make it feel solid.","Resolve the pivot’s muddy mottling into readable brass construction, with a defined rim, inset hub and selective polished wear.","Paint the claw’s rubber with clearer thickness, compressed edges and worn contact faces; its current shading feels soft and uniform.","Add distinctive joinery and purposeful small fittings around the shaft collar to give the machine more handmade character."]	2780fb964c92d1bd	false
arm-3-11	0.000	0.439	0.095	0.120	-	fail off_centre 0.120 > 0.1	[]	-	-
arm-3-12	0.000	0.440	0.105	0.020	6	pass	["Give the long turquoise housing more sculpted depth: brighter glaze ridges, darker recessed edges, and distinct chips would make it feel substantial.","Sharpen the brass collars and their joints so the arm reads as deliberately assembled rather than softly blended together.","Develop the pivot beyond its muddy brown shading with a clear rim, worn brass highlights, and a more convincing central fitting.","Give the rubber claw clearer thickness, compressed edges, and localized wear; its broad dark surface currently feels comparatively plain."]	112f2fd8ce7fd5b2	false
